[
  {
    "id": "0",
    "name": "John Doe",
    "title": "Founder of SmileSchool",
    "text": "Those tutorials are concise and so straight to the point. I can't think of a better place to learn smiling. And it's so fun!",
    "pic_url": "images/profile_5.jpg"
  },
  {
    "id": "1",
    "name": "Nannie Lawrence",
    "title": "Best \"little smile\" 2017",
    "text": "Lorem ipsum dolor sit amet, consect adipiscing elit, sed do eiusmod. Lorem ipsum dolor sit amet, sed do eiusmod.",
    "pic_url": "images/profile_2.jpg"
  }
]